carat,depth,table,x,y,z,clarity_score,color_score,cut_score,price
2.0,56.85,55.23,7.71,7.0,3.57,1,3,3,6270.17
4.76,60.42,54.94,8.58,8.64,3.89,1,6,3,12028.74
3.71,63.73,68.13,4.75,8.32,5.42,3,2,1,10865.45
3.07,62.32,54.99,7.37,4.08,3.36,5,7,2,10417.25
0.95,63.07,55.44,7.0,4.04,5.48,3,3,1,4318.55
0.95,61.59,65.19,8.83,4.88,2.35,9,6,2,7173.99
0.48,61.92,58.99,9.34,5.53,5.11,9,6,3,5836.92
4.36,63.49,65.53,3.09,5.86,5.39,3,4,2,11489.4
3.09,57.5,51.31,7.72,7.76,2.73,3,5,4,10707.51
3.6,59.89,59.75,3.36,3.4,3.72,5,1,3,9863.96
0.3,57.21,50.67,6.84,3.24,2.66,2,3,1,2736.56
4.86,64.88,51.25,5.01,5.74,4.83,6,2,1,12747.0
4.2,64.44,68.13,5.15,7.88,4.14,7,3,3,12015.23
1.22,55.39,52.78,5.47,4.35,4.54,9,5,3,7618.34
1.07,62.06,60.65,7.35,7.49,2.79,6,1,4,5682.09
1.08,64.25,58.22,5.34,4.82,2.85,3,3,3,5499.11
1.66,56.81,56.95,8.13,9.2,2.17,5,5,1,7228.14
2.72,60.68,68.0,5.83,9.27,3.29,4,2,4,9037.15
2.27,64.15,50.44,3.48,5.08,4.24,5,4,1,7424.6
1.6,55.34,63.28,8.49,4.61,5.43,8,7,2,8490.28
3.14,61.97,69.27,5.0,5.88,4.67,8,6,3,11628.69
0.87,57.97,61.2,6.03,4.68,3.74,6,2,2,4615.17
1.6,64.24,68.74,7.8,7.71,5.81,1,1,1,4676.79
1.96,64.71,51.05,5.33,8.78,4.88,8,6,2,7994.29
2.39,64.44,58.38,3.4,7.71,5.72,8,7,2,10151.11
3.97,59.74,55.2,5.62,8.77,4.11,2,2,1,10295.91
1.16,63.62,64.62,9.61,5.78,3.04,4,2,1,5744.48
2.67,63.45,69.63,7.49,4.09,2.21,2,2,3,7658.25
3.04,58.19,55.13,7.7,8.17,4.9,4,2,2,9063.28
0.42,63.29,63.08,7.43,5.52,2.49,7,6,4,6182.17
3.12,55.37,53.96,4.39,7.7,3.21,9,1,4,10186.55
1.02,60.96,61.31,5.93,4.89,4.13,8,7,1,6453.17
0.51,57.3,59.28,8.26,3.57,4.26,9,5,1,5377.96
4.75,56.21,69.44,3.71,9.95,4.4,8,3,2,13534.65
4.84,55.77,62.17,4.94,4.09,2.67,2,4,1,11663.27
4.08,61.96,56.99,4.93,9.92,3.52,7,7,4,12824.64
1.66,58.4,52.28,6.02,9.84,4.47,2,3,3,6255.86
0.67,62.25,53.02,9.86,8.56,5.88,2,3,3,3829.43
3.48,55.65,54.51,3.47,7.62,4.91,4,4,2,10242.4
2.31,58.15,55.02,6.63,7.04,5.69,1,7,3,7351.24
0.79,60.39,67.01,4.26,9.06,5.05,5,6,1,5060.77
2.58,62.91,61.22,9.79,5.03,4.37,6,1,1,8387.98
0.37,58.19,60.47,3.79,6.27,2.77,9,4,1,5337.28
4.56,61.26,52.3,5.83,7.34,4.67,8,1,1,13133.09
1.44,63.86,67.2,8.17,5.88,4.49,2,6,2,6605.4
3.38,61.16,64.46,7.93,5.99,4.41,1,3,3,8698.19
1.7,57.33,51.35,5.96,5.31,3.96,2,1,4,6060.64
2.7,55.24,64.16,5.43,6.95,4.11,7,6,3,9483.3
2.82,63.7,60.87,5.78,8.95,3.34,4,6,1,10168.24
1.09,55.21,51.63,4.85,4.41,4.08,5,5,4,5697.1
4.85,63.75,59.17,4.44,9.54,2.79,7,4,2,14178.67
3.92,60.29,59.69,6.38,7.82,5.22,3,5,1,10247.73
4.71,64.39,53.32,4.88,8.76,2.74,2,3,1,11604.45
4.5,62.99,68.91,5.01,6.89,2.34,7,4,4,14247.32
3.07,64.98,67.0,7.6,8.46,3.74,5,3,2,9115.95
4.62,58.51,63.38,9.78,3.11,4.63,1,5,4,13144.09
0.62,62.67,59.25,7.23,8.73,3.75,1,7,2,4160.31
1.14,59.02,58.24,3.54,3.28,3.11,9,6,1,7699.26
0.42,59.8,63.02,3.53,9.23,4.23,5,3,3,4504.57
1.76,61.28,60.91,9.66,9.94,3.39,1,4,1,5915.87
2.07,63.74,51.25,5.08,5.06,5.73,7,4,3,7670.59
1.5,64.84,60.25,3.64,4.47,5.69,9,3,3,7463.22
4.18,62.68,66.13,7.19,8.36,4.01,1,4,2,11315.44
1.91,59.18,59.18,7.37,4.77,3.31,4,6,4,7535.54
1.55,59.21,51.04,7.54,9.06,4.95,3,7,2,6616.72
2.8,62.38,65.73,4.87,3.72,2.15,5,6,1,8628.74
0.88,57.39,54.03,3.11,3.88,3.9,7,4,4,5835.26
4.05,56.1,55.17,9.76,9.85,3.35,8,3,3,12948.37
0.56,58.55,53.29,4.76,7.72,5.68,2,5,3,3380.64
4.94,57.87,56.6,7.73,8.93,2.05,7,4,1,14150.24
3.91,57.96,65.14,7.95,5.27,4.21,1,4,4,10514.19
1.15,57.34,60.39,7.27,7.74,4.96,7,4,1,6107.37
0.23,55.42,54.1,5.19,7.16,3.94,8,4,1,4494.74
4.11,55.18,67.56,4.9,7.22,2.34,2,3,2,10364.09
3.59,64.88,67.59,7.18,7.78,5.89,9,5,1,11815.76
3.7,59.28,67.41,9.06,7.03,4.07,1,5,4,10694.72
3.9,58.84,54.78,9.63,6.0,4.46,6,1,1,10596.28
0.56,61.8,59.02,3.74,4.93,2.95,1,4,4,4636.9
1.92,57.18,69.7,4.08,8.38,3.93,3,4,3,7060.07
0.76,64.5,65.44,9.61,4.58,3.72,6,1,1,4354.07
4.34,62.86,50.54,8.16,7.85,2.3,3,5,4,12547.98
3.19,55.89,51.3,9.18,4.63,2.42,8,2,3,10757.35
1.79,59.18,59.28,4.42,7.38,5.35,5,6,4,6941.11
0.51,63.79,68.18,7.11,8.23,2.96,2,2,3,2931.56
1.69,64.45,60.77,7.91,4.53,2.78,4,5,2,6770.64
1.76,59.67,59.96,7.76,3.42,4.02,9,7,1,7874.7
3.7,61.13,52.11,5.86,3.92,5.07,4,4,1,11467.11
3.26,56.67,63.14,3.11,7.24,2.25,8,2,3,11063.52
4.46,64.91,66.44,7.08,8.95,4.31,5,3,2,12294.63
2.47,57.32,57.61,4.77,3.31,2.48,1,3,4,7129.9
0.77,64.43,65.51,6.15,8.14,2.15,7,1,2,4812.02
3.62,61.5,69.29,9.7,5.39,2.21,3,5,4,9719.43
3.85,61.08,54.08,5.79,6.35,5.34,8,5,4,11714.76
2.89,60.13,60.47,8.88,9.5,2.47,3,2,1,9084.21
3.9,57.31,55.74,4.32,5.32,2.18,1,4,3,10988.6
2.57,56.77,65.86,7.71,6.26,3.75,5,5,1,8399.11
2.71,57.2,61.55,9.84,3.1,5.38,2,2,1,7903.75
2.25,56.86,62.69,3.71,3.57,3.05,4,2,1,7385.26
0.32,62.8,65.96,3.06,4.81,3.69,1,6,4,4009.94
0.72,58.5,57.92,6.04,3.19,2.16,9,6,1,5652.01
0.35,55.58,68.3,3.65,7.42,3.8,6,5,4,4093.21
3.25,64.69,60.66,8.24,5.98,4.31,8,2,3,11291.5
1.71,63.84,53.16,9.4,6.84,4.28,4,1,4,5334.55
2.64,64.28,63.92,6.04,4.22,3.33,9,1,4,9668.3
4.56,64.95,65.87,4.81,5.07,3.26,2,6,2,12015.0
1.4,56.74,56.34,6.04,7.65,2.43,9,5,1,7269.02
2.17,58.96,67.14,8.06,9.76,3.47,5,4,1,7872.53
3.83,62.58,68.12,3.06,3.35,2.4,6,7,1,11637.6
1.3,61.96,55.54,7.13,9.23,5.07,3,1,1,4945.17
0.57,56.54,69.67,7.29,7.04,5.87,4,1,2,3824.33
1.59,63.16,52.81,7.46,6.95,5.88,6,6,2,8425.02
0.97,57.24,54.04,4.69,6.5,5.46,7,6,2,5689.9
4.66,57.24,53.68,8.0,3.49,4.4,1,5,2,11775.43
4.08,60.37,67.88,3.64,3.63,4.8,7,6,1,12768.77
3.24,60.93,63.09,4.39,7.21,3.14,1,3,4,8776.55
4.38,60.8,53.04,9.14,5.39,4.52,5,7,3,12314.66
4.06,55.91,58.81,8.17,9.42,3.82,6,2,2,12101.7
1.1,63.77,62.31,3.1,5.85,3.93,2,1,4,4717.72
4.48,57.66,51.67,4.74,4.0,5.03,9,3,2,12761.5
2.79,56.3,67.65,4.5,8.0,3.13,6,4,1,9450.58
4.08,63.89,66.07,4.9,5.05,3.27,7,3,1,12830.03
4.5,64.56,60.1,4.73,6.68,5.7,8,5,4,13927.94
1.73,63.62,69.34,3.44,7.88,2.22,1,4,4,6141.79
0.73,63.1,58.36,6.21,9.3,3.94,8,4,4,6966.8
1.29,61.55,69.68,8.13,8.55,5.65,4,6,1,5608.71
2.25,60.51,63.36,7.25,7.73,4.44,8,3,1,9435.68
4.13,55.87,62.69,7.71,7.76,4.19,6,5,3,12868.61
4.33,59.08,53.32,3.57,9.62,3.0,9,1,4,12555.29
0.23,58.73,67.64,9.66,5.07,3.37,4,7,3,4101.37
2.65,57.6,58.55,8.87,3.01,5.41,2,6,2,8006.34
2.2,62.23,53.24,8.64,4.9,4.24,2,3,3,6021.72
1.27,59.96,50.25,8.76,4.53,4.06,5,1,2,5521.09
0.78,55.81,61.2,9.53,7.63,2.4,9,3,2,5584.63
1.82,57.2,60.55,6.81,7.44,2.06,3,6,3,7213.03
4.73,61.83,64.39,4.4,7.15,5.85,8,1,4,12954.78
1.75,55.76,67.81,7.32,3.11,3.51,4,6,2,7558.16
2.69,63.51,51.59,8.2,8.1,4.41,6,3,4,9641.86
3.57,59.95,64.63,8.17,5.26,2.32,6,4,1,10459.71
1.95,59.81,53.75,6.65,7.66,4.73,3,7,2,7546.67
4.86,60.92,67.16,3.48,6.9,5.73,5,2,1,12756.46
4.82,63.25,66.38,5.6,5.4,4.3,3,7,3,14095.55
1.41,58.48,60.82,9.45,3.94,2.5,1,4,4,4892.66
2.59,61.78,64.2,7.09,3.66,4.33,7,6,3,9792.65
1.64,60.66,56.29,6.77,8.82,5.07,4,7,2,6747.71
1.57,57.67,59.42,4.88,9.43,3.63,7,6,1,7486.21
0.38,63.79,66.43,5.58,7.55,5.52,3,6,2,4396.69
3.13,62.97,59.19,9.27,3.72,4.59,5,1,3,9009.75
2.61,61.58,57.16,7.67,5.81,5.6,5,5,4,9039.55
0.45,63.51,59.88,8.51,8.1,4.49,2,6,4,4717.52
1.54,63.67,66.56,6.18,8.46,2.53,2,7,2,7028.16
4.56,62.08,56.7,7.41,3.83,3.24,4,7,2,13171.06
1.35,63.37,53.48,4.74,3.0,2.81,4,7,1,6282.12
0.9,61.97,64.24,7.94,7.98,5.64,4,4,3,5074.35
2.55,61.8,66.52,5.99,5.5,5.04,6,2,2,8824.66
4.93,61.19,52.01,6.1,4.78,4.71,2,6,1,12795.83
1.36,62.53,54.8,7.55,3.09,3.2,6,6,2,6094.81
3.43,56.59,52.84,9.55,6.78,2.74,7,6,4,11876.29
3.86,63.81,56.96,3.45,8.96,5.03,3,1,1,9462.62
1.34,63.72,59.01,8.77,9.7,3.9,8,6,1,6653.78
3.7,55.29,64.98,5.05,6.96,2.9,2,4,2,9143.63
1.97,63.26,63.02,6.11,6.6,4.47,8,3,3,8229.65
3.24,56.29,62.42,3.15,3.6,2.16,5,5,4,9946.74
3.24,58.35,57.05,5.11,6.84,3.3,2,7,3,8635.57
2.77,62.44,66.83,6.52,5.66,3.87,7,6,1,9769.32
0.63,56.61,59.43,3.39,7.25,2.59,2,1,3,3127.96
4.21,63.18,69.58,6.44,5.72,5.94,6,4,1,12074.75
1.74,63.32,62.68,9.49,4.68,2.84,3,6,3,6662.15
1.1,60.07,52.53,3.74,3.66,2.52,9,1,2,7178.01
0.4,55.06,63.52,8.35,5.2,2.81,3,3,3,3876.87
3.04,57.87,56.5,5.87,3.68,5.08,3,2,1,8141.39
3.45,61.17,63.73,7.59,4.24,3.7,5,6,4,11098.54
0.28,64.81,51.39,4.82,9.91,4.26,7,4,4,5672.37
2.66,61.32,53.5,4.12,6.11,2.08,8,1,4,9879.01
1.29,57.6,67.11,4.12,6.72,2.14,7,1,1,5243.44
3.3,61.34,54.54,3.49,9.12,3.78,9,6,3,11348.95
1.04,60.4,66.74,4.3,9.97,5.27,5,1,4,4926.78
3.52,62.8,55.59,7.65,7.08,5.54,3,2,4,9626.1
2.06,56.07,62.86,9.17,8.69,2.35,6,1,4,7297.29
4.7,62.61,63.88,8.7,5.29,4.15,5,7,2,13562.5
0.86,60.41,60.25,7.8,5.14,5.65,4,5,1,5343.21
1.84,64.63,56.11,3.77,5.82,3.55,2,7,1,7208.18
0.74,58.42,54.25,5.02,7.71,5.32,7,5,1,5422.05
4.64,61.33,50.66,5.17,7.78,2.53,5,1,1,11179.25
4.41,64.32,56.08,4.75,5.21,5.74,4,6,1,11773.4
1.44,56.03,63.06,6.61,3.93,5.01,8,5,2,7195.71
3.37,64.37,68.77,6.75,7.43,5.77,9,4,3,11055.03
4.12,61.88,67.42,5.5,3.9,4.71,9,5,2,13766.33
2.86,55.68,65.32,5.48,7.05,3.45,3,7,4,8913.63
2.74,58.01,65.77,8.8,7.85,5.75,3,1,2,8097.48
1.36,62.08,63.3,8.53,7.9,3.1,5,6,1,5666.36
0.65,55.67,55.21,5.15,8.27,3.33,5,3,2,4861.35
4.51,60.82,68.14,9.4,9.11,4.8,2,6,1,11849.27
4.52,58.46,63.41,9.67,6.5,5.06,1,6,2,12497.92
3.24,61.21,61.21,5.29,8.11,5.72,8,6,1,10582.37
1.83,55.46,52.22,5.48,7.33,2.82,3,4,4,6493.64
1.88,63.72,58.94,6.54,4.31,5.19,1,2,1,5356.68
3.68,64.73,59.21,9.59,3.18,4.95,1,7,2,10227.1
4.51,64.69,67.29,9.13,4.99,2.26,2,1,4,11230.36
4.46,62.5,60.93,3.72,6.1,3.55,6,2,2,12186.31
3.94,56.3,57.61,5.75,7.32,3.13,6,3,4,11559.52
3.28,62.58,69.54,6.87,8.95,3.22,3,2,3,8247.91
0.6,55.25,52.21,6.52,4.37,5.93,4,1,3,4360.22
0.98,55.22,58.45,4.36,3.88,4.57,2,7,3,6685.02
4.51,58.24,50.84,9.01,9.74,4.87,2,7,2,12305.74
3.11,59.89,64.8,7.74,3.76,5.91,7,1,2,9175.02
0.24,62.7,68.36,8.87,6.35,3.51,1,3,4,2431.53
0.69,61.83,55.6,9.01,7.1,5.21,7,1,4,5482.89
3.38,59.46,67.17,8.24,6.79,3.74,1,3,4,9383.18
0.22,57.74,55.84,6.07,3.6,5.48,6,3,4,4154.45
0.97,64.97,68.22,7.27,3.4,2.72,3,1,1,4557.5
2.83,59.26,65.08,4.12,3.74,5.79,8,5,3,9396.06
3.52,59.51,66.1,7.72,7.1,2.88,6,7,1,11692.63
3.33,56.64,50.36,4.25,6.81,3.3,2,3,1,8947.08
1.28,62.95,69.26,7.86,4.64,5.02,8,1,1,5787.83
3.62,61.94,64.53,4.61,7.46,3.58,5,5,1,10115.39
1.34,57.21,56.1,3.82,8.74,4.43,8,7,3,7843.26
1.76,55.82,66.59,4.16,3.29,3.78,8,3,1,8264.77
3.78,61.8,55.63,3.01,6.49,4.97,6,7,4,12142.1
3.32,61.55,67.46,8.03,7.83,2.91,2,5,2,9066.46
4.28,57.73,52.25,8.13,4.77,2.23,8,7,4,13894.19
3.36,64.51,64.07,6.6,5.15,3.2,6,4,2,11495.89
2.93,56.51,60.81,4.13,7.3,3.9,6,6,4,10544.8
0.65,59.32,51.93,3.58,9.29,2.67,8,4,4,6222.55
1.97,64.44,54.84,3.13,8.67,3.42,1,5,2,7070.0
1.47,59.2,50.25,4.16,7.08,3.6,2,3,3,5669.53
1.37,61.39,59.38,9.24,8.11,2.23,9,1,1,6310.32
4.87,58.98,56.03,4.69,5.55,4.33,8,2,4,13137.67
2.09,57.74,61.97,5.48,7.49,5.54,7,1,3,7356.42
4.48,64.84,55.94,3.74,6.26,2.61,7,7,1,12985.74
3.23,59.09,56.0,4.56,4.33,4.39,5,2,3,10010.55
4.02,63.94,64.86,6.63,7.91,4.66,2,2,3,10852.87
2.61,57.3,50.96,7.25,6.9,3.68,6,7,1,9485.59
2.97,57.13,68.06,4.72,5.51,4.8,3,7,4,9117.25
2.56,55.31,67.05,3.4,9.38,3.64,4,3,3,9151.65
1.14,61.52,63.36,5.74,3.15,4.02,2,5,4,5203.89
3.67,58.69,61.86,4.64,5.21,2.03,2,1,4,9937.94
1.55,63.64,67.85,4.54,3.4,4.77,8,5,4,8100.31
0.32,59.73,53.71,9.72,8.37,4.65,8,4,1,4960.18
3.3,64.68,51.58,7.31,7.91,2.15,6,3,2,10488.79
1.05,56.86,54.79,6.9,5.32,3.47,5,3,4,5294.54
4.71,63.69,65.89,5.91,7.73,5.92,8,4,2,14539.05
4.78,62.77,50.69,6.0,5.77,3.68,4,1,2,11351.4
4.59,62.71,61.66,6.79,8.29,4.01,4,6,3,12446.12
1.98,63.45,69.91,7.88,6.18,5.64,5,4,4,8490.26
0.27,62.61,67.11,7.92,5.89,4.87,1,1,4,2896.65
4.66,61.26,60.43,4.2,9.54,4.33,1,2,4,12804.95
2.26,56.31,51.27,6.5,4.76,5.19,2,7,2,7673.63
4.84,55.33,66.63,5.88,3.84,5.46,8,3,1,14566.66
4.83,64.21,61.98,9.09,7.09,3.83,7,1,2,12283.26
4.29,61.17,52.3,7.42,9.79,3.9,9,5,4,13046.44
1.61,62.97,51.88,6.73,5.64,3.54,5,7,4,8056.86
2.05,59.82,68.19,3.81,3.43,5.87,2,5,4,6368.97
4.29,56.17,63.38,7.24,5.38,4.79,7,7,2,13159.92
1.72,56.25,66.59,3.82,6.54,2.33,8,3,4,8519.05
1.01,61.86,67.58,5.36,4.13,5.45,7,4,3,6577.09
2.87,59.3,61.44,4.0,7.61,3.92,7,6,4,10545.75
4.69,57.01,60.35,7.84,9.98,2.28,5,4,1,12477.3
3.54,59.92,58.61,4.44,6.16,4.2,2,1,3,9323.36
2.94,55.64,56.34,5.74,5.48,3.67,6,4,4,10206.72
0.67,60.82,58.69,9.27,5.8,5.51,4,3,3,4161.2
3.15,57.69,65.48,4.43,3.81,2.82,2,1,4,8790.17
4.95,62.98,62.04,6.55,9.18,5.31,9,2,1,14629.22
0.87,58.1,67.85,5.93,5.9,4.23,7,4,4,6049.01
2.69,59.55,58.87,3.13,5.71,2.22,6,4,3,9353.91
4.41,55.12,62.14,8.55,7.62,5.89,5,6,1,12773.79
3.76,55.72,62.63,3.48,6.09,4.05,3,1,2,10066.02
3.55,58.92,61.83,6.32,7.54,3.16,4,5,1,10787.58
3.57,59.8,64.05,6.92,3.43,3.88,3,4,1,9401.06
1.93,61.0,54.75,7.4,8.7,5.43,8,3,1,7629.29
1.61,57.92,60.25,7.82,9.58,3.22,3,4,3,6004.51
4.08,61.95,52.08,4.77,7.54,2.77,7,6,1,12037.94
4.09,63.6,57.69,3.07,9.68,2.52,7,2,4,11305.24
4.36,62.8,59.75,8.06,4.06,3.19,7,6,1,11469.51
4.58,55.4,63.04,6.75,6.34,5.12,7,4,1,13676.93
2.65,59.81,69.01,8.85,7.21,3.89,2,5,4,7666.2
2.61,56.05,62.01,8.75,7.07,2.91,3,7,4,9773.8
4.03,57.42,64.87,8.9,5.81,2.66,9,4,2,13128.25
3.32,64.87,60.13,6.4,5.37,3.33,3,1,1,8636.51
3.57,56.42,62.68,5.34,3.89,5.76,2,4,3,10175.81
4.02,59.99,51.42,8.54,5.74,3.37,9,5,1,12959.57
4.47,61.18,55.09,6.16,4.14,5.95,9,1,1,12326.36
1.82,62.02,57.24,4.28,8.14,3.94,4,3,4,6938.91
2.0,60.6,59.45,8.98,4.46,2.72,9,1,2,7613.33
0.65,55.1,50.91,9.18,3.41,5.56,3,6,1,4682.61
2.98,58.26,52.8,6.26,6.87,3.84,7,2,3,9398.99
0.37,60.18,55.54,3.53,7.17,4.84,7,6,1,5021.19
2.43,55.88,69.43,5.71,9.1,5.93,8,7,3,9946.05
2.8,58.51,56.63,8.62,7.04,2.2,4,1,4,8529.04
1.58,55.33,59.64,9.31,5.42,2.39,3,3,2,6642.78
3.04,55.79,53.92,4.42,8.62,4.88,3,4,1,8637.02
0.35,58.97,62.22,3.47,6.78,3.13,5,1,2,4209.76
0.38,56.33,55.61,9.14,3.55,2.74,1,6,1,3491.35
4.15,60.68,54.14,5.73,6.96,2.16,3,1,3,11436.7
1.93,61.89,60.33,6.79,9.36,2.09,6,1,2,6911.33
0.81,63.01,50.11,9.78,5.77,5.1,3,1,1,4098.72
2.71,57.0,50.15,3.47,5.07,2.54,5,3,4,8911.12
3.9,56.67,54.38,7.54,4.0,3.87,9,5,3,11293.9
1.24,56.05,50.73,3.52,4.06,4.42,2,5,2,4649.23
3.19,61.36,52.16,5.63,6.03,3.71,2,1,1,8495.59
0.61,62.06,56.78,8.63,7.17,2.11,6,3,2,5082.63
0.45,55.32,66.05,6.03,3.56,5.13,6,3,1,3685.96
2.75,64.36,61.44,9.98,9.58,2.04,8,7,3,10810.98
2.8,55.52,60.25,6.91,8.29,5.05,2,1,4,8108.08
3.26,60.41,55.87,5.25,7.11,5.57,9,6,3,11736.12
3.69,62.09,68.64,4.54,8.8,3.73,2,6,2,10808.51
4.88,63.71,57.94,5.45,3.56,4.14,1,2,2,11983.08
2.68,62.14,51.74,5.61,6.34,3.91,2,1,1,7172.53
1.75,63.02,62.34,3.48,7.41,3.56,7,2,3,7136.49
4.02,58.39,52.28,5.59,8.8,5.55,8,6,1,13156.57
1.5,63.15,56.9,6.25,8.48,5.58,5,6,3,7297.58
2.31,55.8,60.15,8.06,4.94,3.34,6,1,2,7088.03
0.58,63.95,67.48,7.6,9.59,4.46,1,2,1,3097.35
0.32,60.48,59.87,7.96,3.87,5.71,6,2,1,3318.64
4.82,63.17,64.05,3.06,9.13,5.85,8,1,3,13159.67
4.21,59.52,69.86,4.52,9.8,4.04,3,7,4,11938.54
3.54,61.44,52.63,7.63,4.24,3.81,1,2,3,9129.99
2.16,60.26,55.49,6.39,8.05,3.11,4,7,4,8587.29
1.03,62.32,57.89,3.04,3.28,5.84,1,4,3,4318.18
0.95,55.82,58.44,8.63,5.84,2.57,8,6,2,6467.81
1.4,55.6,58.22,8.41,6.61,4.32,5,5,1,6045.48
2.84,57.47,68.15,6.84,7.06,3.13,1,7,3,9269.21
3.63,56.6,64.28,3.47,9.55,3.12,8,7,2,10820.93
3.37,63.72,62.16,8.37,7.71,3.62,9,7,3,12083.66
1.54,57.19,56.19,7.09,6.37,6.0,2,3,1,6055.34
4.78,64.76,66.48,8.47,8.67,2.22,9,2,3,14348.62
3.74,58.37,69.1,8.26,9.65,4.31,8,2,4,12442.62
2.86,56.82,66.42,8.62,3.15,2.33,7,3,1,8453.18
3.14,62.9,50.03,6.63,9.88,2.62,3,2,4,8438.03
2.21,61.59,62.73,3.98,3.6,3.76,2,3,2,7106.57
1.39,59.98,51.02,7.7,8.7,4.04,7,7,2,8210.22
1.91,60.55,55.15,7.34,4.96,3.04,5,1,3,6280.63
3.84,62.19,51.19,8.2,3.93,3.27,6,4,4,11563.97
0.27,57.28,62.08,4.19,6.08,2.35,4,7,4,4823.93
0.76,64.96,63.73,4.36,7.51,3.21,2,4,1,3312.0
0.42,64.75,52.29,9.23,5.67,5.87,9,6,4,6509.8
0.4,61.5,57.68,8.25,3.38,5.78,3,7,4,3265.56
4.31,57.0,59.12,9.36,7.2,3.34,7,5,1,12981.72
3.58,61.8,57.38,8.31,9.32,4.28,8,2,1,10517.36
2.48,55.72,52.42,7.18,5.68,5.64,2,5,4,7755.5
0.67,55.31,58.38,7.58,4.51,2.02,6,1,3,4960.94
2.56,57.58,65.02,9.22,6.1,5.24,8,4,1,9594.53
2.47,59.63,51.42,7.05,3.34,5.79,7,7,1,9439.41
1.03,63.68,51.6,7.43,8.74,2.37,3,1,4,5139.32
2.28,62.27,57.1,4.1,8.78,2.65,1,1,4,5718.11
2.11,62.43,68.83,6.32,7.12,5.84,6,2,1,7640.66
3.16,59.25,63.37,8.01,5.47,4.15,8,1,4,10034.26
3.25,58.46,63.57,4.9,8.6,2.06,6,7,1,11211.47
0.42,58.71,57.24,4.42,6.88,3.03,5,7,3,5406.83
2.0,64.88,61.87,5.2,8.78,3.8,8,4,3,8969.82
3.2,55.4,50.2,4.69,7.42,4.77,2,7,1,10177.69
2.62,63.67,62.72,4.5,8.49,4.93,1,5,1,8203.47
4.31,60.79,68.27,5.97,7.19,5.98,1,4,2,10890.54
3.36,59.39,62.25,9.35,5.9,3.15,4,2,2,9524.52
0.98,62.25,67.47,6.55,9.71,4.15,6,4,4,6420.32
0.54,59.87,64.48,4.32,6.79,4.13,9,3,4,5969.19
3.28,63.73,52.41,3.54,7.24,3.62,1,5,1,9261.94
0.33,64.01,68.05,7.87,4.54,2.68,1,3,1,1575.19
3.01,59.22,51.33,5.68,7.38,5.91,5,3,2,10209.25
4.71,57.77,60.68,8.75,7.0,5.41,5,6,2,13331.61
2.96,60.92,52.84,7.62,4.29,3.99,5,7,1,9032.17
2.06,64.12,50.23,8.57,3.42,4.41,6,2,3,7205.45
3.29,57.11,58.44,4.9,7.23,2.91,8,1,3,9428.64
2.4,61.23,55.9,7.85,8.35,4.18,3,3,4,7246.68
2.82,61.32,59.72,4.85,6.66,4.78,9,4,1,10130.68
4.72,62.33,61.54,9.57,4.59,4.06,1,1,1,11778.36
2.05,56.32,50.87,7.45,7.67,5.96,4,4,4,7722.89
4.81,62.16,52.46,5.27,3.56,4.45,9,4,2,14420.33
4.55,64.09,61.17,4.89,6.09,3.48,8,1,2,12379.2
1.14,56.8,56.86,4.34,4.14,5.09,9,1,3,6070.06
0.53,57.38,64.58,7.86,4.29,2.68,1,7,1,3433.24
0.68,64.71,63.05,4.53,4.42,3.54,9,4,2,5769.29
0.29,56.81,66.91,7.17,5.71,3.39,3,2,3,3056.88
0.65,63.54,63.85,4.85,3.36,3.73,9,7,3,6666.64
3.48,59.92,58.6,7.63,5.78,5.13,1,5,3,9432.66
0.54,57.47,63.46,8.7,6.58,3.94,1,6,2,3436.34
1.73,63.71,55.51,8.45,6.38,5.18,9,5,2,8442.18
4.26,59.45,56.13,8.33,5.68,4.31,6,2,1,11587.94
0.31,60.15,65.78,4.31,8.87,3.37,4,7,1,3502.62
4.11,58.59,58.93,3.62,4.02,5.24,7,6,3,12867.74
1.55,60.93,65.97,7.89,6.54,2.95,5,7,3,7330.77
0.77,56.64,66.45,5.58,3.43,2.9,7,1,2,4248.84
3.54,58.91,67.15,6.03,3.5,4.02,8,6,2,11609.2
3.22,64.69,68.33,3.22,7.02,3.04,8,4,1,11077.09
4.41,57.58,58.62,4.82,6.96,2.04,1,5,1,10570.68
3.73,61.57,56.38,3.24,9.15,4.59,8,6,4,11936.51
4.06,58.25,61.64,9.15,6.91,4.04,6,4,1,11598.26
1.55,62.73,57.42,4.7,9.72,3.78,4,7,2,7225.87
1.05,56.31,62.02,6.9,3.34,5.87,8,2,3,7128.36
3.8,64.7,64.11,3.27,3.69,4.28,3,6,4,11597.02
4.07,59.54,63.77,7.67,3.31,5.45,4,4,1,11746.66
4.95,57.36,57.49,5.26,4.3,2.56,6,7,1,14284.4
2.18,55.73,53.34,9.29,6.79,4.28,7,7,2,8641.44
1.99,56.7,58.61,9.22,7.52,5.47,4,7,4,8365.91
3.93,60.2,52.85,5.28,3.32,4.33,4,2,1,10433.45
1.84,58.37,67.8,9.31,9.62,4.87,7,1,3,7541.22
4.67,63.29,56.92,9.97,8.9,3.49,6,2,2,12284.49
4.32,59.31,53.09,8.78,5.08,2.37,8,2,4,13131.77
2.26,57.49,50.51,8.91,3.54,3.83,1,5,1,6737.2
3.8,61.17,62.92,4.74,4.19,3.58,7,7,1,12291.93
3.82,62.07,62.74,7.04,3.89,5.47,7,4,4,12031.86
0.69,56.67,56.81,3.47,3.86,2.98,7,6,2,5692.15
4.53,56.68,51.43,3.66,6.63,5.87,7,5,4,13826.3
2.63,55.37,58.19,9.99,4.72,5.83,8,7,4,10301.6
4.17,62.36,56.22,5.29,5.51,2.99,9,3,2,12050.36
1.74,61.64,63.54,8.24,9.93,3.39,9,2,1,6727.11
4.5,59.75,62.12,8.65,7.79,5.58,2,3,3,11650.31
2.07,63.44,57.29,9.01,9.64,5.87,7,7,2,8637.24
0.25,63.06,54.36,9.98,4.0,3.77,7,5,3,4087.85
4.55,60.85,69.76,4.69,5.67,3.28,4,4,1,12260.57
0.64,63.68,59.08,3.28,6.88,4.1,9,5,4,6465.26
1.73,57.06,63.77,5.88,3.54,4.75,8,4,3,7749.64
4.76,56.12,52.81,3.91,3.03,3.09,1,4,1,11718.65
4.76,57.7,59.71,3.16,7.69,4.95,2,7,1,13203.1
2.95,55.57,50.55,5.52,7.49,2.21,2,1,4,8750.75
3.23,60.31,60.11,8.49,5.88,2.2,8,7,4,11835.53
2.35,64.37,69.28,6.96,6.43,3.55,1,2,1,6497.74
1.61,55.39,57.68,5.19,5.91,3.41,4,5,1,6491.17
1.78,56.22,50.78,7.58,3.17,3.26,5,4,3,7280.6
3.43,59.52,50.62,4.62,5.35,3.96,9,7,1,11824.15
3.81,64.34,57.76,3.1,4.24,3.28,7,7,1,12289.47
4.0,58.16,53.2,8.35,3.69,2.77,8,5,3,11910.79
3.99,60.07,50.47,7.37,9.7,3.24,9,5,2,12873.72
0.64,55.42,65.12,8.34,7.2,5.9,7,4,3,5748.21
2.57,56.48,59.17,3.27,8.1,3.64,5,6,3,8905.73
0.48,64.87,55.78,8.86,5.21,3.78,5,3,4,4539.86
2.84,64.65,68.0,7.34,5.75,4.31,6,2,3,8760.75
2.32,55.05,52.32,6.94,4.66,5.93,5,2,1,6876.94
4.46,64.52,69.12,7.37,3.68,2.97,9,6,1,14066.21
1.88,61.39,56.28,9.05,4.25,4.73,3,1,1,5540.52
0.76,63.68,67.77,7.11,8.58,4.86,3,6,2,4007.24
0.89,59.55,62.06,7.07,7.74,4.43,7,1,1,4579.91
3.86,60.16,66.53,9.93,6.83,2.35,7,1,2,10771.06
3.17,59.89,69.68,8.3,6.33,4.71,6,6,1,10824.59
0.69,61.67,55.77,6.1,9.46,2.26,3,2,3,4115.11
0.6,56.4,69.22,7.95,3.51,4.38,7,3,4,4974.3
3.56,55.3,57.79,5.72,4.96,4.96,5,2,1,9718.07
0.55,58.08,57.71,4.6,5.45,2.84,7,7,2,6425.39
4.14,62.05,56.81,7.18,8.48,5.37,2,2,2,10952.6
3.59,57.02,60.83,9.5,9.95,2.12,6,2,4,10295.32
0.59,61.73,53.08,9.5,4.68,5.38,8,6,1,6394.46
0.61,64.7,61.07,5.39,9.12,3.84,1,6,3,4082.04
4.94,55.94,60.83,6.69,8.81,2.87,4,7,1,13893.36
2.0,61.73,65.24,4.48,4.57,2.54,1,7,1,6711.85
1.98,59.44,66.67,9.97,5.8,5.81,1,6,4,7580.66
4.1,63.68,58.81,9.87,5.87,2.29,8,2,1,11501.04
4.75,56.77,56.05,7.55,9.85,2.8,7,3,3,13370.22
4.93,61.93,55.19,8.63,4.27,3.39,1,1,2,12163.48
3.82,63.38,53.89,8.01,8.59,4.48,2,5,4,9546.95
2.01,64.45,51.15,7.15,5.34,4.18,4,1,3,6747.22
0.6,61.83,56.85,3.37,8.12,2.5,1,7,2,3905.78
3.93,59.97,55.4,6.18,5.94,3.16,3,7,4,11979.03
2.88,61.18,69.33,7.72,7.05,2.96,8,1,4,10453.41
2.24,63.69,61.15,7.74,8.83,2.85,8,5,2,9487.79
4.55,60.71,56.95,5.61,8.63,3.64,8,2,2,13212.35
0.73,55.3,61.61,9.59,9.06,4.82,6,3,3,5191.33
2.56,64.31,52.78,4.17,3.42,2.87,6,3,1,8405.64
0.25,61.9,58.88,6.5,7.84,3.47,5,1,1,3368.39
2.45,61.77,62.52,7.84,3.98,3.56,9,5,1,10410.13
0.47,57.16,59.78,7.88,5.91,5.91,4,7,1,4145.24
0.77,61.59,58.04,7.54,6.84,5.82,7,4,1,5295.06
0.76,58.94,69.88,4.93,5.82,5.2,1,2,3,3571.05
3.32,61.51,67.61,4.09,6.64,2.97,9,1,4,11593.62
3.78,56.07,62.47,7.45,9.98,2.27,7,3,3,11694.7
3.0,61.58,61.39,7.2,3.95,3.27,9,7,3,11964.49
4.82,64.99,62.41,4.26,7.73,3.07,7,6,3,14869.0
2.0,55.48,54.03,7.94,5.77,4.02,2,6,4,7520.97
1.57,64.77,57.9,6.19,3.93,5.11,6,5,3,6795.2
4.37,59.07,50.79,7.67,4.11,5.43,4,5,3,13065.2
1.27,63.71,59.51,8.86,9.64,5.38,3,1,4,5880.84
4.82,62.82,60.86,4.19,9.16,3.44,2,4,3,12454.27
0.26,60.67,54.55,3.13,9.35,4.75,6,3,1,3258.56
4.86,62.38,69.28,8.45,9.94,3.25,8,1,2,12809.95
0.41,63.79,68.19,7.27,4.46,2.24,6,4,3,4976.01
4.48,59.04,64.44,7.9,5.49,4.81,9,7,2,13921.72
2.73,58.27,60.67,8.87,7.68,2.04,5,5,3,8437.46
4.97,61.68,67.4,8.62,6.39,3.64,2,6,3,12354.12
0.55,63.08,52.61,9.73,5.93,3.32,8,2,1,4708.86
2.86,62.62,65.81,6.75,5.5,4.77,9,7,4,11472.71
4.85,62.98,52.5,6.42,7.16,5.06,4,6,2,13995.16
2.71,59.36,65.88,5.81,7.03,3.22,6,3,4,9585.11
3.22,63.18,55.52,4.08,4.13,5.25,8,3,1,10308.7
3.54,56.2,67.54,7.01,6.3,3.18,9,6,1,12219.67
2.38,60.44,68.88,4.94,6.87,3.79,5,7,2,9054.08
3.21,55.06,52.98,9.45,6.99,4.91,6,6,4,11205.27
3.0,58.25,59.25,7.08,4.47,4.77,4,4,1,9008.78
4.53,58.66,69.62,7.15,8.2,5.95,5,1,3,12662.8
0.42,58.96,59.67,5.48,3.18,2.9,7,5,3,5690.18
1.55,61.95,67.27,3.36,5.48,4.65,9,4,3,8047.2
4.76,58.89,61.77,3.22,8.46,4.44,6,2,4,13158.14
4.47,59.49,57.51,5.96,6.95,5.66,6,6,3,13732.32
2.39,57.38,55.72,3.59,4.83,2.63,8,2,3,8525.66
3.18,58.73,54.06,7.25,7.86,5.01,4,2,1,8214.29
1.53,57.27,65.24,9.17,6.97,4.27,3,4,1,5052.75
1.1,55.73,57.73,9.18,8.57,3.1,7,5,3,6197.76
2.43,61.03,60.23,7.61,8.15,3.9,5,7,3,9451.28
1.9,61.68,59.85,4.48,7.27,3.34,2,3,1,5854.65
3.0,61.19,61.55,9.04,6.42,4.32,2,1,2,8121.91
0.57,59.63,67.31,9.2,3.93,5.56,6,3,4,4825.2
4.88,58.8,69.61,4.38,4.83,4.28,8,5,4,14452.37
4.93,63.63,58.15,8.16,5.93,4.53,1,3,1,11324.32
3.55,60.19,66.55,5.01,7.2,4.07,6,6,4,11588.7
2.77,59.79,65.29,8.62,6.6,2.2,2,6,1,8326.77
1.69,55.26,61.47,9.98,5.02,2.93,2,4,1,5996.28
4.11,58.41,69.12,3.21,3.05,3.97,7,2,1,11943.55
3.49,58.8,54.01,9.28,6.47,3.24,1,5,1,9189.48
0.98,58.99,52.19,7.36,5.0,2.73,6,5,2,5157.81
4.57,60.8,67.08,9.81,8.14,4.02,7,3,3,13768.69
4.15,60.34,58.78,6.26,3.17,3.29,8,4,3,12804.78
4.76,61.08,66.94,8.93,7.09,3.03,7,3,2,13505.32
3.68,62.65,67.86,3.44,9.59,3.86,6,3,4,12126.05
3.14,63.13,51.25,5.35,4.22,2.53,9,5,4,11921.66
2.21,62.18,67.67,3.47,6.3,5.71,3,3,3,7553.37
4.68,64.56,58.97,9.83,3.64,5.47,6,2,4,13099.3
4.36,55.18,60.21,8.72,7.38,4.83,4,3,3,11817.03
0.42,56.96,62.53,8.97,6.85,2.42,2,2,3,3292.31
0.33,55.08,68.53,9.57,5.85,5.1,1,5,2,3356.9
2.01,61.47,50.38,3.6,6.65,5.23,1,4,4,7442.3
4.09,63.98,59.54,5.7,9.28,5.07,3,6,2,12754.13
4.94,57.43,63.75,3.5,4.37,2.46,4,2,3,12968.18
0.92,64.27,64.45,4.48,3.16,4.58,2,4,3,3578.31
3.05,55.6,63.85,4.61,9.03,5.34,1,4,3,8049.38
2.03,64.34,52.69,6.28,7.04,4.31,4,2,1,7622.6
4.86,58.52,55.99,4.88,9.23,4.59,7,5,1,14194.48
4.24,56.01,57.17,3.71,7.18,3.83,6,1,1,11688.97
4.22,59.86,66.09,4.17,8.67,4.11,6,4,2,12185.63
2.45,57.57,55.58,4.03,6.01,2.14,9,4,3,9109.09
2.19,57.85,54.21,9.81,8.25,4.56,2,5,4,8268.44
1.51,58.07,69.15,8.32,9.39,2.33,4,5,2,6034.84
0.47,63.03,50.18,9.77,7.0,3.74,5,3,2,4585.86
4.35,60.39,69.96,6.08,4.27,3.17,1,5,2,10603.35
4.1,58.11,63.54,4.95,4.88,4.18,8,4,4,12791.13
5.0,61.1,66.57,8.59,4.39,2.53,8,2,3,14690.33
4.98,62.16,55.89,5.28,4.73,4.77,6,1,1,12886.2
2.87,57.73,50.29,5.1,5.14,5.18,5,7,3,9734.53
3.89,59.14,64.76,4.63,6.89,2.65,8,3,3,12150.52
4.73,56.22,66.68,3.91,7.12,2.42,3,7,2,12287.6
4.28,56.81,64.81,4.8,5.99,2.58,3,2,2,10290.08
1.39,61.81,52.86,5.49,7.31,5.51,2,1,2,5119.52
2.36,56.81,65.07,7.72,3.57,4.11,5,1,1,7252.35
0.82,60.25,65.38,3.44,3.61,3.87,3,1,1,4172.64
4.78,62.09,63.17,4.47,4.2,2.43,3,6,1,13305.84
3.11,56.07,65.32,8.66,6.63,4.6,6,2,3,10356.62
1.3,60.67,66.92,4.03,4.5,5.47,8,3,2,6030.8
3.42,57.57,62.27,5.4,4.98,5.31,2,3,4,9178.14
3.17,64.63,51.77,9.05,5.8,4.5,4,1,3,9363.94
1.92,59.84,59.75,4.08,8.68,2.3,7,2,1,7663.65
0.75,63.06,51.55,3.58,3.1,2.45,1,6,4,5613.07
3.42,60.5,58.15,6.39,7.55,2.2,1,1,4,8381.94
2.7,55.43,58.14,5.12,7.68,3.03,7,5,2,10229.08
3.91,61.33,51.32,6.94,8.59,2.54,7,7,4,12976.04
2.7,64.51,56.98,8.63,9.53,3.04,1,3,1,6559.88
4.29,61.02,52.22,3.96,3.14,3.54,1,7,2,11177.39
2.85,63.19,66.16,7.06,4.08,5.77,4,4,4,9393.96
2.89,63.84,68.95,6.54,9.2,4.44,5,1,2,7910.97
4.41,57.28,51.45,4.01,6.21,5.34,5,5,4,11713.1
2.14,57.12,69.1,7.37,6.95,4.84,4,3,3,6566.08
0.84,61.11,60.45,4.92,7.64,2.45,8,7,3,6972.92
0.34,59.11,55.99,6.41,7.75,4.94,7,6,1,4758.72
3.82,63.4,51.54,3.58,9.52,3.1,9,2,3,11771.72
3.18,64.0,60.01,6.22,9.98,4.56,7,3,3,10157.24
3.58,58.53,65.89,5.15,8.04,3.36,1,7,3,9512.69
1.22,57.37,64.14,8.76,5.01,5.99,7,2,4,6206.2
0.85,62.81,51.0,3.4,9.16,3.05,1,7,4,3972.9
0.27,57.75,51.46,5.93,3.34,3.12,7,2,2,4768.62
1.88,63.23,58.06,6.21,4.62,5.72,8,6,4,9728.76
3.03,59.24,55.91,8.08,9.28,2.1,9,6,3,10118.92
2.08,61.68,54.65,7.02,4.79,4.79,3,1,4,6515.49
2.3,55.96,55.62,7.67,4.54,4.9,4,1,1,6785.69
4.54,61.24,66.07,8.44,3.97,5.35,4,3,2,12035.51
1.87,59.52,68.58,9.04,9.01,5.9,9,6,2,9378.87
2.67,60.87,58.1,5.2,6.5,5.9,7,5,4,9706.09
3.96,56.68,68.12,6.77,7.72,2.26,3,7,3,11533.27
2.1,62.37,56.43,8.88,4.67,5.29,5,7,2,9795.38
3.19,63.63,59.53,9.93,8.31,4.59,7,7,1,10908.3
4.34,57.17,54.52,9.23,8.32,4.59,8,3,1,13557.42
4.76,55.96,62.81,5.6,5.19,2.51,1,7,2,12644.64
0.91,55.24,69.58,4.37,5.87,4.6,2,4,3,4293.45
4.65,61.42,62.07,6.43,4.47,5.93,7,2,3,12814.18
2.56,61.07,57.16,8.19,9.84,5.65,2,7,4,8612.86
1.44,60.47,62.96,6.45,7.52,3.76,7,2,4,6336.26
2.4,57.32,52.46,6.38,9.54,2.16,9,1,2,8403.57
4.9,58.91,67.77,8.87,5.12,3.45,2,7,4,13116.42
2.56,60.94,60.06,5.53,8.47,5.31,7,5,4,9876.37
1.78,59.97,58.99,9.02,8.36,4.81,4,6,4,8367.65
3.24,64.88,61.72,5.85,7.84,3.84,2,6,1,9144.92
1.35,56.36,62.5,5.3,9.76,2.22,7,1,4,6706.86
0.56,61.95,51.44,6.18,5.75,3.71,5,4,2,3782.75
0.82,59.04,63.65,8.34,3.92,3.88,1,3,3,4428.79
0.81,59.28,54.84,3.88,7.7,5.71,5,3,4,4326.16
0.93,62.18,64.28,4.37,8.11,4.56,3,5,3,5552.39
0.87,61.92,66.45,9.66,7.03,3.25,7,1,4,5550.99
3.28,64.91,66.08,4.23,4.45,4.1,6,1,2,9779.17
1.07,56.28,61.05,6.97,6.53,2.26,8,4,1,6207.92
1.86,56.04,60.4,7.06,5.19,5.89,5,7,2,7131.77
4.5,62.24,52.86,6.43,5.99,3.44,2,3,1,10612.56
2.48,60.78,65.51,7.51,7.52,3.91,9,7,4,11013.61
3.4,57.74,55.43,4.61,8.22,3.42,8,1,4,10860.52
1.03,55.79,59.93,6.87,4.63,4.73,6,7,1,6113.77
1.12,55.86,55.69,5.61,5.84,4.65,7,6,2,6898.75
0.4,63.94,52.68,7.63,4.88,4.86,9,5,2,5753.46
1.01,56.92,62.59,3.99,4.39,3.07,7,3,1,5355.68
1.54,58.23,51.09,7.0,8.48,3.26,3,4,4,7448.25
1.05,57.27,64.97,4.3,9.36,2.5,6,5,1,6317.93
0.63,58.55,56.35,4.95,5.59,4.62,7,2,4,5290.78
0.78,55.69,50.0,4.53,8.26,2.16,2,6,1,4060.09
2.41,60.19,60.22,4.28,9.28,4.39,3,4,4,8499.38
1.19,55.68,50.94,8.78,8.92,5.48,4,5,1,5147.72
1.95,63.0,55.52,5.0,4.28,5.56,6,1,3,6821.71
2.62,57.34,64.14,9.49,9.69,3.8,1,2,4,8280.76
3.51,60.4,51.25,9.79,5.64,3.84,9,4,2,11695.59
0.39,63.8,66.79,7.0,5.37,2.31,5,1,1,3220.28
4.04,61.51,50.08,4.0,3.44,4.68,7,6,2,12548.34
3.21,60.33,54.94,5.62,6.4,5.29,9,2,1,10973.09
0.59,58.24,64.82,8.58,3.76,2.98,9,3,2,5997.13
4.39,58.33,56.33,5.57,4.74,3.69,1,1,2,10932.08
4.62,61.69,52.04,3.61,5.22,5.36,1,5,1,10942.32
0.49,64.94,57.2,6.9,8.66,5.51,3,7,1,4839.97
1.53,61.62,55.41,8.92,9.13,2.97,6,4,2,6763.72
4.07,60.58,66.85,8.57,5.12,4.2,2,2,2,10424.6
3.79,62.31,56.27,4.23,9.01,2.77,1,1,2,9889.2
1.09,59.65,65.78,7.71,9.0,2.41,1,3,4,4956.76
1.2,55.6,67.84,4.54,8.35,5.64,5,7,4,6970.73
1.98,60.62,58.68,4.53,4.03,5.28,4,4,3,6317.6
2.53,64.58,68.2,9.12,7.83,5.04,1,4,4,7724.05
3.17,56.75,57.55,4.75,9.62,2.2,4,1,4,8802.91
1.97,61.9,69.28,4.84,7.78,5.37,3,3,1,6910.92
2.42,57.01,51.79,3.0,5.32,3.75,2,6,3,8414.53
3.79,60.36,63.74,9.09,6.5,3.37,9,7,3,12901.28
0.38,55.97,59.88,8.55,7.52,4.19,1,6,4,3385.58
1.41,59.5,57.75,7.39,6.57,2.37,7,2,1,7131.9
3.62,62.56,62.65,8.25,3.84,5.03,4,1,1,9427.28
4.5,58.48,64.08,4.06,5.18,4.33,5,7,3,12657.93
2.66,61.65,50.09,6.21,8.62,2.75,5,2,1,7820.61
2.75,62.95,53.34,5.46,9.03,2.75,1,6,2,7918.7
0.71,64.27,64.26,3.66,3.96,2.74,6,7,4,5753.32
2.35,57.35,63.33,6.4,9.67,2.23,9,4,2,9812.85
2.76,58.99,69.32,9.45,5.3,4.35,2,2,3,6807.54
1.36,56.52,65.22,3.28,7.64,5.36,7,3,3,6320.02
1.49,64.92,69.02,5.04,8.26,2.07,6,5,1,6900.55
2.01,64.27,64.05,4.45,8.68,2.2,5,6,1,7938.07
0.3,60.4,55.96,4.67,9.62,4.29,4,6,3,5179.72
1.75,63.42,52.11,9.36,5.19,5.28,4,3,3,7417.37
1.21,60.21,65.64,6.28,9.01,3.31,6,7,2,6049.93
1.77,61.24,62.88,6.26,3.92,3.4,4,7,2,6412.78
0.77,55.89,50.96,8.32,7.94,4.39,5,7,1,5416.19
4.47,62.55,57.2,4.08,8.19,3.1,6,2,2,12014.91
3.05,56.28,69.14,6.41,7.74,2.11,5,1,1,8262.49
3.46,63.26,60.01,6.01,4.77,4.94,7,4,1,10910.71
3.99,62.82,58.65,7.18,9.11,4.5,9,5,4,13316.8
2.59,62.09,59.15,10.0,4.18,4.32,7,1,1,8127.17
0.62,55.36,54.18,8.39,3.38,4.97,7,1,2,4352.46
2.78,58.03,57.37,5.79,8.02,4.7,4,3,3,8296.13
3.02,57.63,57.4,8.79,6.33,2.82,1,2,3,7847.55
3.78,58.6,51.05,4.19,8.94,3.41,8,6,2,12571.97
2.27,55.88,65.35,3.21,5.68,2.5,4,6,3,7736.6
0.81,64.37,58.33,4.43,4.18,2.52,1,3,1,3285.01
1.56,60.54,66.44,5.38,8.86,4.7,5,2,3,6207.96
1.94,58.06,67.01,6.57,6.84,5.43,8,3,2,8092.27
3.3,58.97,54.24,7.31,4.32,5.85,4,6,3,10448.89
2.94,59.47,63.15,9.37,8.04,4.51,8,1,1,10561.58
1.91,61.01,59.45,6.57,6.58,2.74,8,4,1,8363.41
4.94,60.16,67.6,6.51,7.23,2.42,3,7,2,13717.57
3.11,64.19,54.31,3.35,6.23,5.25,9,2,2,10400.14
1.34,59.97,63.56,3.24,8.8,4.32,3,5,2,5307.57
0.69,64.92,62.16,6.86,8.81,4.47,1,5,4,3975.89
0.93,63.51,55.91,6.07,7.97,5.13,2,1,4,3819.48
1.38,57.09,52.73,8.87,3.74,4.81,6,3,1,6340.67
0.97,64.31,63.03,4.12,8.87,5.34,2,3,4,3872.61
1.1,56.16,64.77,3.17,7.7,2.22,6,6,4,6981.72
1.57,63.17,56.31,6.14,7.88,4.99,1,1,3,4944.63
1.03,58.81,62.9,4.66,5.54,5.4,1,6,4,5429.27
4.5,63.78,57.9,3.35,9.15,3.14,5,6,3,12715.35
0.59,63.68,64.26,8.07,8.08,4.56,9,5,2,5687.42
2.72,63.06,53.98,3.78,3.79,3.26,8,6,3,10187.17
2.17,62.9,67.8,7.26,5.85,5.83,3,7,3,7842.68
4.92,58.05,55.75,4.97,9.2,2.13,3,6,2,13502.42
0.74,55.81,57.36,4.21,3.33,4.32,1,5,2,4323.3
2.11,59.03,51.16,5.66,9.73,2.67,3,7,1,8468.61
4.85,56.74,52.23,8.61,7.75,4.85,1,3,1,11330.8
4.35,61.95,60.32,5.74,7.42,2.7,8,2,1,10897.32
4.12,58.46,55.35,8.26,4.89,2.94,1,4,1,10146.64
1.44,64.76,66.71,3.88,4.74,3.98,5,6,3,7126.48
1.02,61.41,50.29,8.41,9.59,5.66,9,7,3,7812.82
3.41,63.22,57.58,4.66,5.09,2.85,7,2,1,10541.9
4.66,56.33,56.75,7.74,8.43,2.58,4,5,4,12718.91
2.87,63.62,50.39,6.96,5.75,5.04,9,2,1,10735.23
2.94,64.23,52.49,9.5,3.97,4.0,9,4,4,10367.88
1.54,59.87,58.27,5.71,3.08,5.65,2,2,2,5132.73
3.89,61.06,59.86,3.46,6.81,2.59,6,7,3,11799.95
1.1,62.65,58.09,3.13,9.83,4.58,4,2,3,5176.74
1.75,56.75,60.62,8.79,5.58,2.93,8,2,4,8565.1
2.24,60.03,61.9,6.67,5.5,2.63,7,2,1,7969.34
2.64,58.99,50.2,8.43,5.41,4.73,7,1,3,8803.5
1.36,56.46,59.28,4.64,6.64,4.37,9,6,4,7233.02
0.75,58.68,69.27,5.42,6.08,5.02,5,5,2,5089.65
3.13,55.68,60.38,3.21,9.16,3.24,6,4,2,10593.94
1.59,55.26,63.55,9.73,6.54,3.79,1,5,3,5675.23
2.99,56.35,56.24,7.68,6.55,3.62,6,1,1,8815.8
0.94,64.63,65.48,9.53,3.97,5.94,2,1,4,4806.56
2.51,60.5,65.46,4.86,9.88,3.17,6,7,3,9445.52
2.76,64.66,60.43,7.28,4.75,3.18,9,1,2,10314.78
0.45,59.32,69.52,7.75,3.51,3.42,8,6,1,4948.48
1.82,58.12,52.51,5.22,7.64,4.26,9,1,4,8322.68
0.85,60.06,50.34,8.94,7.17,3.01,8,2,3,6625.46
0.5,59.4,65.4,9.63,5.91,5.66,3,5,4,4924.93
4.95,56.06,66.14,9.19,5.96,3.06,8,3,1,13007.66
1.75,61.41,52.4,8.17,8.5,5.58,6,4,1,6806.95
4.09,57.16,55.31,4.94,4.37,2.41,6,1,2,11207.17
1.42,61.2,50.35,4.97,8.74,4.63,6,5,1,7158.73
3.47,61.5,55.87,9.74,7.54,5.63,3,7,3,9918.54
3.85,56.52,65.46,3.07,5.93,2.67,1,1,4,9183.03
3.06,55.61,60.36,8.01,6.21,5.87,4,6,1,8725.32
2.46,62.81,56.96,7.94,4.8,3.81,6,1,1,7570.0
2.18,59.6,57.43,7.36,8.26,5.78,2,1,3,5867.35
1.87,55.58,50.03,9.93,6.59,4.71,7,1,4,8244.9
4.66,64.95,56.0,5.18,5.25,3.21,7,7,4,14025.81
4.19,55.58,62.93,5.38,7.17,2.75,4,1,2,11295.91
4.83,61.95,69.48,3.55,9.97,3.21,4,4,2,12935.88
0.8,64.84,66.94,6.1,6.05,2.37,1,5,4,4485.08
3.71,57.39,50.47,4.83,9.44,2.58,2,6,3,10200.53
4.7,56.42,67.97,5.4,5.42,2.42,9,1,3,14039.06
1.07,56.21,65.66,8.84,3.38,3.69,8,1,2,6007.57
0.52,58.03,65.61,9.55,4.43,5.18,8,1,1,4746.72
3.76,56.01,59.16,4.3,5.93,2.57,9,1,3,11429.19
2.96,61.92,57.96,5.61,4.54,2.52,7,2,1,9264.11
4.24,55.62,56.06,9.5,3.0,4.57,9,2,3,13160.96
0.87,60.09,51.31,3.43,9.41,2.79,2,3,4,4512.48
4.02,64.97,54.56,3.65,8.91,2.39,6,1,2,11324.24
1.17,63.14,54.93,4.14,8.2,2.67,3,3,1,4519.03
0.99,61.15,59.68,7.17,4.17,5.69,6,4,1,6611.95
0.99,58.06,64.95,4.05,3.84,5.29,3,3,4,4745.5
4.11,61.24,59.48,9.78,3.47,3.42,8,5,3,12964.67
3.39,60.27,51.16,6.13,8.07,4.62,4,2,1,9294.98
2.71,59.26,69.16,6.51,9.5,4.15,6,2,3,9985.76
1.92,56.31,68.85,4.73,6.01,4.71,9,1,4,8101.94
4.41,63.87,65.7,6.3,3.83,4.73,2,1,2,10696.03
2.08,59.5,69.83,7.63,6.59,4.51,2,4,1,6713.31
4.12,56.95,60.89,8.26,5.44,3.06,7,6,3,12517.18
2.31,58.68,69.26,8.28,5.62,2.16,2,4,1,7158.9
2.01,59.14,51.51,7.05,7.35,3.82,2,5,3,8104.75
2.42,63.28,57.31,9.33,8.03,5.56,4,1,3,7759.2
1.65,62.34,54.51,8.72,3.77,4.28,9,1,3,7677.57
3.79,62.69,53.92,8.3,3.25,5.33,8,4,4,11917.55
2.61,55.11,52.82,3.39,9.96,5.97,2,4,2,8589.8
1.31,59.16,62.45,3.05,4.63,2.65,8,4,1,7843.37
4.52,59.81,65.63,4.49,3.38,4.77,4,2,2,12292.59
2.04,55.19,61.57,7.64,4.33,4.7,2,3,3,6916.67
2.81,57.6,52.94,5.88,3.27,5.92,7,3,3,9493.32
4.55,62.6,66.22,5.82,5.74,5.94,6,1,2,12552.77
3.2,56.37,62.72,9.19,8.62,4.75,5,2,2,9059.72
0.76,60.35,57.76,9.27,5.39,2.97,1,4,1,3099.24
4.71,57.15,63.48,9.36,6.11,5.19,2,1,3,10815.22
3.21,55.12,55.2,5.2,7.73,2.43,8,2,2,10552.54
1.81,57.41,56.9,7.84,6.56,5.12,1,5,4,5689.41
0.87,64.76,68.35,4.9,9.03,5.64,3,6,3,5029.53
4.01,63.02,55.81,4.33,9.06,3.53,2,2,3,10348.64
3.18,64.6,59.4,4.29,3.07,4.52,5,7,1,10850.65
2.76,59.88,67.8,5.39,8.45,3.72,4,1,4,8168.69
4.49,56.1,64.15,6.01,6.23,3.75,7,3,1,13268.39
3.99,60.48,51.24,8.82,9.92,3.24,5,7,4,12810.58
0.93,59.54,52.95,3.84,6.38,5.05,8,4,1,5534.5
1.7,63.44,50.16,8.14,9.91,5.74,4,6,4,7846.61
1.39,55.98,62.62,6.72,8.28,5.76,6,5,4,6911.11
3.77,59.88,58.95,5.02,4.74,2.7,4,6,4,11184.07
0.36,56.5,52.69,6.45,6.77,5.5,2,6,2,3508.77
2.94,58.25,69.16,5.1,9.94,4.95,1,2,3,7956.55
3.86,62.37,60.59,7.17,9.0,3.01,1,1,4,9539.13
4.41,59.76,54.84,6.04,3.68,2.27,8,1,2,12171.95
1.84,58.76,60.01,4.15,7.94,3.07,4,6,2,6892.02
4.14,58.94,63.59,3.82,5.42,5.65,5,4,1,11706.82
0.73,59.59,51.52,6.83,3.05,4.53,8,1,3,5283.27
4.26,62.85,55.49,9.32,5.82,4.88,7,6,3,13439.6
0.81,63.92,66.14,5.41,4.64,3.03,8,1,1,5366.08
2.11,64.55,59.19,8.13,8.73,4.88,8,4,3,8849.96
4.03,62.87,60.93,7.61,5.36,2.11,6,5,1,12239.76
0.92,58.15,58.66,9.52,8.79,3.5,2,7,2,5724.26
1.3,61.88,50.88,8.75,3.0,4.51,6,6,2,7502.71
3.67,59.38,53.31,6.97,5.15,2.58,1,3,4,10370.55
3.66,57.55,58.91,7.6,4.69,5.29,1,3,1,9675.27
3.28,63.41,54.18,9.29,4.63,2.94,3,6,2,10907.71
3.53,55.38,51.0,5.8,3.48,4.61,3,2,2,9687.71
2.81,64.02,66.87,5.29,4.31,3.62,5,5,1,9407.32
1.41,59.61,69.62,3.08,6.89,4.38,1,2,2,5886.16
1.86,61.37,65.86,8.79,5.04,2.43,6,7,3,6950.02
1.07,61.59,67.08,8.61,5.92,2.07,7,3,2,5984.35
4.56,63.95,54.84,3.73,5.64,5.64,3,4,1,12509.95
3.0,61.37,69.21,7.04,9.13,3.08,4,6,3,10299.88
2.12,61.14,53.94,6.25,9.34,5.28,3,7,3,9153.93
2.42,55.67,69.03,3.83,6.45,6.0,1,1,2,6595.59
4.75,60.18,69.9,9.86,5.31,2.85,8,3,4,13835.89
0.94,56.5,64.23,4.5,3.75,3.06,2,5,3,4650.11
3.01,62.37,69.62,3.47,9.67,4.65,1,3,1,8200.83
2.63,60.12,61.39,7.16,3.42,5.86,8,5,4,10978.97
3.13,61.8,55.19,8.17,5.08,5.66,7,5,4,11671.02
0.29,55.42,58.74,3.23,5.09,4.01,7,6,3,5149.89
4.39,55.85,61.87,7.61,5.24,5.18,4,5,2,12274.35
4.67,62.16,51.46,6.73,4.15,2.54,9,2,4,13613.1
2.91,55.72,62.45,3.72,8.48,5.91,6,7,2,9935.84
3.54,55.71,69.62,4.21,3.86,5.86,2,4,3,10358.33
4.63,55.12,53.8,6.98,7.44,2.65,1,3,1,11931.31
3.59,64.57,65.85,5.07,3.87,3.2,1,4,4,9506.31
0.93,62.38,68.16,9.57,3.49,2.4,9,7,1,7196.08
2.97,58.53,68.87,8.73,9.37,3.09,4,1,2,8448.11
3.11,57.97,69.2,9.88,4.33,5.26,5,7,2,10777.64
2.24,58.5,60.43,4.82,8.75,3.51,3,3,1,6822.89
3.73,62.75,69.55,9.79,6.81,2.35,4,4,3,9922.02
4.68,61.61,65.15,6.02,3.54,3.37,8,4,3,14453.7
4.64,56.85,53.23,5.43,9.69,5.93,4,6,4,12962.91
2.36,56.74,59.54,3.35,4.73,4.52,9,6,4,9985.38
0.74,55.98,64.37,3.37,9.02,3.66,9,7,3,7129.44
4.93,61.6,54.95,7.84,4.18,2.67,6,7,3,14577.17
4.23,62.64,62.81,6.21,8.98,5.94,2,1,1,10578.51
0.8,57.65,63.33,4.59,3.09,5.28,7,5,2,5078.28
4.62,55.21,53.25,7.3,6.58,3.13,9,3,2,13936.5
4.38,55.82,61.3,4.77,8.39,2.28,6,6,4,12270.17
2.69,64.68,65.43,7.04,9.54,2.23,3,3,3,8688.73
3.04,57.95,59.98,5.51,9.36,2.48,7,1,1,9968.59
2.12,62.69,50.24,8.76,8.74,4.32,5,6,4,7733.84
0.46,61.25,50.18,8.74,9.22,5.72,1,6,1,3597.62
1.81,58.82,57.14,6.34,4.39,3.99,3,5,3,7372.49
4.05,57.06,68.52,5.46,4.99,5.37,5,3,3,11338.7
0.22,56.21,54.57,5.54,5.02,3.78,7,3,3,4761.77
1.8,61.15,62.69,8.64,5.64,4.83,3,3,2,4932.25
2.11,62.75,54.44,5.3,5.75,4.93,6,5,3,8918.8
2.78,61.44,56.43,4.46,6.81,2.7,5,6,4,9771.55
4.62,60.3,66.96,3.59,4.12,3.44,1,1,2,10848.89
1.86,55.42,64.58,6.27,7.84,4.55,6,3,1,7639.12
1.87,64.68,51.91,6.37,4.17,2.28,8,4,4,9310.99
3.74,62.99,58.57,8.89,5.17,3.45,1,5,4,10545.61
2.37,57.93,50.58,4.55,6.52,4.14,2,2,1,7526.56
1.28,64.8,59.62,5.67,8.58,5.98,4,1,2,4429.46
2.37,61.02,63.25,8.66,8.18,3.9,2,4,4,7999.42
0.88,60.82,52.37,8.77,7.52,5.26,9,3,4,6464.05
1.05,62.48,55.78,5.69,4.09,3.73,8,2,4,6009.59
2.59,63.12,57.96,6.21,6.83,5.19,8,1,2,8036.66
2.21,61.56,68.39,5.12,3.61,4.38,4,5,2,8183.44
4.59,56.28,69.87,9.53,5.64,5.55,5,2,2,12729.8
1.94,58.38,50.9,3.83,5.89,3.64,4,6,4,8389.31
2.99,64.28,65.22,9.54,3.28,4.42,9,7,3,12087.15
3.23,57.25,57.43,7.79,4.92,4.52,2,2,1,8083.8
0.26,58.72,57.85,6.72,9.69,3.67,8,7,3,6291.8
3.38,59.32,65.09,3.23,9.68,2.58,2,4,2,10076.82
1.05,59.39,68.37,6.33,5.47,2.37,1,1,4,4005.76
4.81,61.13,69.02,5.85,3.3,2.07,3,4,4,12890.61
0.91,64.43,61.54,4.13,4.25,5.49,9,4,3,6254.92
2.19,57.41,57.14,7.59,5.75,2.95,3,3,3,7930.24
0.61,56.22,65.75,9.8,9.63,2.85,9,5,1,5205.06
4.98,56.97,55.02,6.94,3.99,4.94,7,2,4,14172.29
2.61,63.87,61.28,8.0,8.34,3.28,1,1,3,6816.69
3.06,61.46,57.17,3.48,3.76,4.02,5,6,1,9316.52
0.52,57.86,63.13,5.92,9.87,2.65,9,5,2,4996.89
3.8,63.16,54.81,3.81,5.67,5.84,3,5,3,10747.95
1.21,63.61,53.83,7.29,8.43,5.41,9,1,2,5892.96
4.51,63.47,68.36,9.57,5.4,5.46,5,5,1,12674.71
1.18,64.19,52.04,7.63,7.39,3.63,9,3,2,7746.77
1.12,57.52,60.12,3.54,4.34,5.05,6,5,4,6615.55
0.38,62.55,54.42,5.48,4.02,2.58,9,3,4,6556.24
2.47,59.61,50.78,6.85,9.57,2.03,7,2,2,8098.86
2.91,63.42,50.72,5.82,9.42,2.08,7,2,4,9167.33
0.52,62.28,53.5,8.84,9.21,4.35,8,4,1,4766.79
3.92,62.76,67.34,8.7,7.38,3.82,7,3,4,12071.75
2.38,61.56,55.65,7.28,8.66,4.07,9,6,2,11215.32
2.72,56.77,69.01,5.61,3.48,2.03,9,2,2,8921.69
2.32,60.45,61.63,4.79,5.34,3.69,6,5,2,8962.48
2.12,64.85,58.73,3.74,5.2,4.87,7,1,3,7582.17
2.89,64.37,61.6,5.48,7.45,3.77,2,1,2,7719.8
0.95,55.43,60.33,5.89,5.49,4.93,9,7,1,6376.94
1.07,56.65,65.18,7.73,4.04,2.93,1,3,4,4971.97
4.34,56.32,55.65,7.61,7.18,5.25,1,6,4,11599.49
4.74,62.26,57.06,3.49,8.7,4.35,3,4,3,13081.63
1.99,63.18,67.88,5.77,5.67,2.84,6,5,3,8288.82
1.5,57.14,68.93,4.27,3.93,2.95,5,3,1,5200.24
3.29,60.06,67.85,4.1,4.38,4.51,2,7,2,10368.12
2.16,63.41,58.39,8.79,4.66,5.32,9,1,3,7589.55
0.32,62.33,65.61,3.29,5.1,3.66,4,3,4,3056.4
0.95,60.42,59.53,5.93,7.5,3.03,4,5,3,4993.25
3.64,60.9,59.95,4.18,7.21,5.47,5,6,3,10886.82
3.36,60.08,54.09,9.16,7.87,4.68,8,6,2,12189.26
0.33,57.98,61.82,6.9,5.54,3.79,4,2,3,3513.32
1.27,60.65,53.72,4.62,8.77,3.95,5,5,1,6688.79
1.31,61.89,56.63,6.52,4.43,2.82,4,7,4,6438.09
3.43,63.73,67.1,8.12,6.28,4.51,6,2,2,10491.62
0.29,61.36,54.14,9.71,8.61,3.43,3,2,4,3601.32
0.7,62.61,51.42,4.54,4.26,5.98,8,2,1,5581.23
4.04,56.6,51.38,9.2,3.77,3.92,6,3,1,11220.44
1.06,59.62,68.82,9.54,9.19,3.94,5,7,3,6221.37
3.33,55.09,60.14,9.41,5.4,4.26,2,1,3,8612.53
1.34,57.47,58.19,7.45,7.79,5.67,7,6,3,6469.44
0.68,62.26,66.22,7.41,3.18,5.2,2,3,4,4071.75
1.37,64.92,66.72,5.82,7.83,3.8,1,1,1,4180.96
3.67,55.99,56.64,8.27,5.21,4.87,7,6,2,12073.14
4.31,59.01,63.87,6.72,3.39,4.34,5,7,3,12925.1
4.19,63.0,65.42,7.74,7.27,3.97,1,7,4,12305.29
2.11,57.04,63.09,6.0,4.69,2.77,4,5,3,7790.89
3.41,60.55,53.03,8.12,5.71,3.86,4,6,1,9959.55
1.18,62.33,67.52,8.77,3.56,2.98,7,6,2,6949.75
1.61,61.16,60.78,4.03,4.03,5.66,9,7,1,8747.58
4.5,56.88,55.65,8.83,5.09,3.34,2,6,4,11360.45
0.26,58.55,58.5,6.78,3.63,5.81,1,4,3,2590.38
0.61,62.84,50.75,8.91,9.38,4.13,2,5,1,3505.06
1.2,60.54,52.56,6.02,3.04,4.53,7,3,4,6773.7
0.33,55.05,65.31,5.65,6.39,4.17,6,3,3,4650.69
1.07,62.61,50.0,9.41,3.86,2.52,4,1,2,4766.71
3.0,55.35,58.33,4.76,5.15,3.5,1,3,1,6655.83
2.22,62.46,60.45,8.91,9.48,2.4,1,2,3,5690.89
4.48,57.02,51.09,6.39,4.13,4.49,5,6,3,12816.18
4.12,64.58,69.46,6.6,9.76,3.79,1,3,3,10332.37
1.84,58.68,54.52,5.16,4.44,5.11,7,1,3,7292.09
1.45,58.27,56.08,7.01,8.19,2.88,1,1,1,4178.4
2.02,56.49,56.08,5.28,6.83,2.66,1,2,3,6801.12
3.03,58.06,54.61,3.27,9.19,3.63,2,1,4,7166.68
1.49,63.77,50.03,4.9,6.88,5.71,3,7,1,6469.16
3.2,64.96,64.59,3.04,6.74,4.84,1,4,3,9336.56
2.17,58.68,69.34,9.85,4.37,3.68,9,7,1,9874.27
2.85,59.49,54.49,9.76,4.16,4.07,8,6,4,11160.99
2.29,62.22,63.26,5.77,9.42,2.34,5,6,4,9284.06
1.61,63.86,64.84,8.1,5.29,5.94,2,6,1,5830.81
4.75,60.93,66.97,5.42,5.6,4.67,5,5,3,12843.41
3.87,58.92,58.45,7.7,8.32,3.14,6,3,3,10454.11
0.87,59.13,56.06,8.64,5.37,4.34,1,4,4,4130.3
4.37,61.96,56.51,9.63,9.66,2.44,4,3,3,11503.38
2.54,55.03,64.25,5.8,8.17,5.86,9,4,4,10632.35
4.49,61.2,66.34,8.48,7.18,2.7,2,3,3,11429.92
4.04,58.55,53.63,4.86,9.17,4.59,5,2,4,10918.45
2.24,62.94,57.42,9.93,3.35,2.98,1,7,2,6802.23
0.31,55.93,68.04,3.18,4.8,4.87,4,1,3,4363.91
1.49,60.88,66.13,7.22,6.26,5.11,4,1,3,5758.41
2.8,59.81,69.7,7.62,4.59,4.69,6,7,3,9805.85
3.24,61.42,65.08,7.82,8.21,4.46,9,2,1,10731.62
1.44,55.65,57.86,3.84,9.43,5.57,3,4,3,6824.24
0.87,60.8,61.81,9.57,5.97,2.31,9,7,1,6712.21
4.21,60.61,63.22,4.27,5.39,3.32,6,5,1,12635.71
4.93,60.61,51.57,7.36,9.73,2.99,7,4,4,14817.18
2.72,61.03,60.89,4.56,6.11,5.95,2,1,1,6359.04
1.02,61.76,64.19,5.15,6.42,3.56,6,5,1,5609.34
1.51,63.05,53.35,6.83,5.46,4.93,6,3,2,7147.79
0.29,57.7,65.61,5.92,9.37,4.74,2,5,3,3185.4
4.59,63.25,61.68,4.12,6.98,2.85,2,4,1,11878.21
0.77,59.98,69.04,4.2,8.34,2.96,2,2,3,3555.76
2.97,55.77,50.85,5.93,8.68,3.13,1,3,1,7579.17
1.52,55.59,55.31,8.3,5.39,3.64,5,4,4,6488.77
2.86,58.34,62.03,9.29,6.04,2.94,8,3,2,10231.89
3.33,62.85,55.93,3.59,8.94,2.08,2,5,1,9418.94
4.18,62.08,64.29,5.75,5.54,5.52,5,1,3,11501.68
1.19,62.89,65.18,3.7,8.56,5.86,8,4,4,8388.55
0.25,60.17,52.05,3.12,9.59,3.37,5,2,3,4581.8
0.86,59.4,60.28,7.63,7.36,3.35,2,7,4,4224.78
4.52,56.47,60.18,7.22,8.19,2.03,3,5,2,11883.9
4.39,58.28,57.39,4.14,8.64,4.72,6,4,4,14062.98
3.07,59.34,68.66,4.64,8.92,5.3,5,2,3,9139.4
3.08,55.89,66.55,3.17,5.77,2.59,4,4,3,10545.52
3.39,57.21,63.94,8.84,3.36,2.64,4,5,1,9808.64
1.04,60.98,64.29,9.82,5.81,5.16,5,4,4,5794.25
4.59,62.36,59.23,3.95,7.72,4.47,2,3,3,12181.54
2.21,64.98,68.42,4.62,6.15,2.18,9,5,1,9216.8
2.04,64.33,63.89,9.08,8.24,4.49,2,4,2,6990.06
2.69,61.43,64.58,9.49,5.5,3.24,2,7,3,9554.67
0.43,59.21,67.23,5.94,7.44,3.47,9,1,1,5217.65
1.0,61.36,55.48,3.35,4.3,5.08,3,4,3,5111.77
3.74,62.86,66.14,3.28,8.25,5.24,7,3,4,12576.06
0.6,56.18,53.9,7.02,6.82,3.6,4,2,1,4219.64
3.1,59.1,56.91,5.75,4.43,5.79,6,7,4,10508.78
1.38,63.4,56.71,3.2,5.04,3.63,4,2,2,6567.59
2.07,58.84,69.57,7.08,8.24,5.09,7,7,4,9497.43
1.59,60.72,67.13,3.08,6.38,3.94,1,2,1,4866.01
1.91,60.88,64.02,8.51,4.51,5.59,3,1,3,5288.49
3.65,56.84,64.54,5.15,9.77,5.63,3,3,1,9152.31
1.63,58.62,61.24,3.28,8.01,2.35,1,5,4,6902.47
2.92,58.35,68.94,7.12,9.7,5.75,6,2,4,10438.03
2.49,55.26,59.93,5.78,5.99,5.3,9,7,3,10424.89
3.39,55.24,57.61,9.82,6.33,5.17,8,3,2,10035.33
4.7,63.32,53.26,6.81,9.29,2.8,7,4,1,12806.01
3.72,57.73,65.72,4.93,6.68,5.22,8,1,3,10584.02
1.23,60.18,64.69,7.97,7.95,5.4,6,3,3,5405.19
0.35,57.99,57.69,4.9,4.77,3.16,9,3,3,6331.75
1.46,64.41,50.5,9.33,6.13,5.81,3,5,1,6896.56
3.06,57.59,66.78,5.62,3.86,2.2,9,3,1,9919.38
0.45,59.3,50.23,6.85,4.44,2.6,4,5,1,4089.78
2.58,63.73,64.07,3.35,3.01,4.15,7,1,2,8075.25
3.06,63.42,69.41,5.98,3.27,4.3,9,1,3,10443.63
1.8,56.86,58.75,8.83,9.84,4.58,2,4,4,7282.0
3.9,63.03,54.7,8.64,4.7,2.07,2,5,4,11443.16
0.71,59.58,64.1,4.57,7.64,5.84,9,5,3,6890.63
0.56,59.83,66.34,4.58,8.87,2.18,3,2,4,3852.91
3.7,56.33,60.93,8.72,6.85,2.57,9,2,2,12298.93
2.58,55.81,69.34,9.51,4.07,2.06,5,4,2,8988.13
3.5,62.28,51.03,3.67,8.1,4.27,6,1,1,10229.91
2.29,59.96,60.1,6.15,7.2,5.73,2,6,1,7372.4
1.38,59.37,64.37,5.36,8.12,4.66,8,2,1,6784.74
4.13,62.3,67.25,9.09,8.39,5.29,9,3,1,12813.38
4.04,62.66,53.59,3.58,9.83,2.05,2,1,1,9653.83
3.53,56.59,66.0,4.48,7.01,4.17,6,6,4,11168.44
1.51,61.1,61.05,8.27,5.39,3.84,6,3,4,6437.8
3.03,56.35,57.93,3.36,7.54,4.0,8,7,1,10396.72
1.93,62.51,52.63,6.45,3.48,2.29,5,5,2,7454.2
0.64,61.57,67.31,6.09,9.28,4.74,9,1,4,5555.91
4.6,64.57,53.15,5.34,3.84,4.01,1,7,2,11801.08
0.86,55.69,56.2,5.76,5.29,5.06,9,4,2,6010.51
4.76,55.57,55.8,6.71,8.71,3.94,7,5,3,14050.64
2.34,57.82,67.43,4.13,7.18,2.6,4,5,3,8934.15
